Workbook

Sheet Sheet1
A1: Request ID | B1: Client Name | C1: Request Date | D1: Request Type | E1: Priority | F1: Status | G1: Assigned To | H1: Resolution Time (Days) | I1: SLA (Days) | J1: Client Rating | K1: SLA Status
A2: REQ001 | B2: Alpha Technologies | C2: 46031 | D2: Technical Support | E2: High | F2: Resolved | G2: Ananya | H2: 2 | I2: 3 | J2: 5 | K2: =IF(H2<=I2,"Within SLA","Breached SLA") -> Within SLA
A3: REQ002 | B3: Bright Solutions | C3: 46062 | D3: Billing | E3: Medium | F3: Resolved | G3: Rahul | H3: 3 | I3: 5 | J3: 4 | K3: =IF(H3<=I3,"Within SLA","Breached SLA") -> Within SLA
A4: REQ003 | B4: Core Industries | C4: 46090 | D4: Technical Support | E4: Critical | F4: Resolved | G4: Priya | H4: 1 | I4: 2 | J4: 5 | K4: =IF(H4<=I4,"Within SLA","Breached SLA") -> Within SLA
A5: REQ004 | B5: Delta Retail | C5: 46121 | D5: Account Update | E5: Low | F5: Resolved | G5: Arjun | H5: 2 | I5: 4 | J5: 4 | K5: =IF(H5<=I5,"Within SLA","Breached SLA") -> Within SLA
A6: REQ005 | B6: Evergreen Ltd | C6: 46151 | D6: Complaint | E6: High | F6: Open | G6: Neha | H6: 5 | I6: 3 | J6: 3 | K6: =IF(H6<=I6,"Within SLA","Breached SLA") -> Breached SLA
A7: REQ006 | B7: Fusion Corp | C7: 46182 | D7: Billing | E7: Medium | F7: Resolved | G7: Rahul | H7: 4 | I7: 5 | J7: 4 | K7: =IF(H7<=I7,"Within SLA","Breached SLA") -> Within SLA
A8: REQ007 | B8: Globe Systems | C8: 46212 | D8: Technical Support | E8: High | F8: Resolved | G8: Ananya | H8: 2 | I8: 3 | J8: 5 | K8: =IF(H8<=I8,"Within SLA","Breached SLA") -> Within SLA
A9: REQ008 | B9: Horizon Pvt Ltd | C9: 46243 | D9: Account Update | E9: Low | F9: Resolved | G9: Priya | H9: 1 | I9: 4 | J9: 5 | K9: =IF(H9<=I9,"Within SLA","Breached SLA") -> Within SLA
A10: REQ009 | B10: Innovate Labs | C10: 46274 | D10: Complaint | E10: Critical | F10: Escalated | G10: Arjun | H10: 6 | I10: 2 | J10: 2 | K10: =IF(H10<=I10,"Within SLA","Breached SLA") -> Breached SLA
A11: REQ010 | B11: Jupiter Services | C11: 46304 | D11: Billing | E11: Medium | F11: Resolved | G11: Neha | H11: 3 | I11: 5 | J11: 4 | K11: =IF(H11<=I11,"Within SLA","Breached SLA") -> Within SLA
A12: REQ011 | B12: Krypton Ltd | C12: 46335 | D12: Technical Support | E12: High | F12: Resolved | G12: Rahul | H12: 2 | I12: 3 | J12: 5 | K12: =IF(H12<=I12,"Within SLA","Breached SLA") -> Within SLA
A13: REQ012 | B13: Lumina Group | C13: 46365 | D13: Account Update | E13: Low | F13: Resolved | G13: Ananya | H13: 2 | I13: 4 | J13: 4 | K13: =IF(H13<=I13,"Within SLA","Breached SLA") -> Within SLA
A14: REQ013 | B14: Metro Industries | C14: 13/09/2026 | D14: Complaint | E14: High | F14: Open | G14: Priya | H14: 5 | I14: 3 | J14: 3 | K14: =IF(H14<=I14,"Within SLA","Breached SLA") -> Breached SLA
A15: REQ014 | B15: Nova Enterprises | C15: 14/09/2026 | D15: Billing | E15: Medium | F15: Resolved | G15: Arjun | H15: 4 | I15: 5 | J15: 4 | K15: =IF(H15<=I15,"Within SLA","Breached SLA") -> Within SLA
A16: REQ015 | B16: Orion Tech | C16: 15/09/2026 | D16: Technical Support | E16: Critical | F16: Resolved | G16: Neha | H16: 1 | I16: 2 | J16: 5 | K16: =IF(H16<=I16,"Within SLA","Breached SLA") -> Within SLA
A17: REQ016 | B17: Pioneer Ltd | C17: 16/09/2026 | D17: Account Update | E17: Low | F17: Resolved | G17: Rahul | H17: 2 | I17: 4 | J17: 5 | K17: =IF(H17<=I17,"Within SLA","Breached SLA") -> Within SLA
A18: REQ017 | B18: Quantum Solutions | C18: 17/09/2026 | D18: Complaint | E18: High | F18: Escalated | G18: Ananya | H18: 5 | I18: 3 | J18: 2 | K18: =IF(H18<=I18,"Within SLA","Breached SLA") -> Breached SLA
A19: REQ018 | B19: Rapid Systems | C19: 18/09/2026 | D19: Billing | E19: Medium | F19: Resolved | G19: Priya | H19: 3 | I19: 5 | J19: 4 | K19: =IF(H19<=I19,"Within SLA","Breached SLA") -> Within SLA
A20: REQ019 | B20: Sigma Corp | C20: 19/09/2026 | D20: Technical Support | E20: High | F20: Resolved | G20: Arjun | H20: 2 | I20: 3 | J20: 5 | K20: =IF(H20<=I20,"Within SLA","Breached SLA") -> Within SLA
A21: REQ020 | B21: Trinity Ltd | C21: 20/09/2026 | D21: Account Update | E21: Low | F21: Resolved | G21: Neha | H21: 1 | I21: 4 | J21: 4 | K21: =IF(H21<=I21,"Within SLA","Breached SLA") -> Within SLA

Sheet KPI Dashboard
A1: KPI
A2: Total Client Requests | B2: =COUNTA(Sheet1!D2:D21) -> 20
A3: Resolved Requests | B3: =COUNTIF(Sheet1!F2:F21,"Resolved") -> 16
A4: Open Requests | B4: =COUNTIF(Sheet1!F2:F21,"Open") -> 2
A5: Average Client Rating | B5: =AVERAGE(Sheet1!J2:J21) -> 4.1
A6: SLA Compliance % | B6: =COUNTIF(Sheet1!K2:K21,"Within SLA")/COUNTA(Sheet1!K2:K21) -> 0.8
A7: Breached SLA Count | B7: =COUNTIF(Sheet1!K2:K21,"Breached SLA") -> 4
